var,bucket,n,mean_var,o15_mean,o15_up,o30_mean,o30_med,o30_up,o60_mean,o60_up,omfe,omae,u30_mean,u30_up
mom2,"(-53.153999999999996, -2.918]",134,-10.46442819203271,-2.8854222909490694,45.52238805970149,-1.6129943286707429,-1.0191940563320208,47.76119402985074,-1.7395405465934464,48.507462686567166,30.719964936443084,-22.777307222694656,0.024188104494087783,55.223880597014926
mom2,"(-2.918, 0.0]",170,-0.5359477799955124,-0.022683805646611432,14.705882352941178,0.0832414840050831,0.16818537279433524,50.588235294117645,0.9733190107033418,50.0,20.173195187818244,-16.203149454577648,0.033199649363755,61.1764705882353
mom2,"(0.0, 5.241]",97,2.547968937068529,-1.343941106003583,44.329896907216494,-0.8616129604001913,-2.05162144275314,42.2680412371134,-1.2166277664176652,47.42268041237113,20.36974876462391,-18.918369589718377,0.003936137544341088,52.57731958762887
mom2,"(5.241, 115.878]",134,16.24175991586653,0.9381616447164497,51.49253731343284,1.2890020702024927,-0.88852392228758,46.26865671641791,-0.22802776036722136,41.7910447761194,25.67318195682443,-24.51035430709382,0.02935086492256627,52.98507462686567
mom3,"(-53.153999999999996, -2.918]",134,-10.46442819203271,-2.8854222909490694,45.52238805970149,-1.6129943286707429,-1.0191940563320208,47.76119402985074,-1.7395405465934464,48.507462686567166,30.719964936443084,-22.777307222694656,0.024188104494087783,55.223880597014926
mom3,"(-2.918, 0.0]",170,-0.5359477799955124,-0.022683805646611432,14.705882352941178,0.0832414840050831,0.16818537279433524,50.588235294117645,0.9733190107033418,50.0,20.173195187818244,-16.203149454577648,0.033199649363755,61.1764705882353
mom3,"(0.0, 5.241]",97,2.547968937068529,-1.343941106003583,44.329896907216494,-0.8616129604001913,-2.05162144275314,42.2680412371134,-1.2166277664176652,47.42268041237113,20.36974876462391,-18.918369589718377,0.003936137544341088,52.57731958762887
mom3,"(5.241, 115.878]",134,16.24175991586653,0.9381616447164497,51.49253731343284,1.2890020702024927,-0.88852392228758,46.26865671641791,-0.22802776036722136,41.7910447761194,25.67318195682443,-24.51035430709382,0.02935086492256627,52.98507462686567
mom6,"(-79.77900000000001, -7.995]",133,-19.813195710432414,-1.028229876219309,38.34586466165413,2.185204309582039,-0.2076843198338555,47.368421052631575,0.913495087888507,49.62406015037594,36.663200835120605,-23.888569344182816,0.049460997984254275,61.65413533834586
mom6,"(-7.995, -0.184]",132,-3.5379009259006073,-1.25379137205608,34.090909090909086,-1.128974337260164,0.9627761100040135,55.3030303030303,-0.4935266247061055,49.24242424242424,18.345217259400567,-16.918148953031167,0.01579398699317354,55.3030303030303
mom6,"(-0.184, 9.127]",132,3.9012565536449912,-0.10959302701103552,37.121212121212125,-0.8591756479211843,-0.7014043710639244,46.96969696969697,-1.8311083897694085,46.96969696969697,16.636983163452296,-16.80633346854483,0.019915592489569554,53.78787878787878
mom6,"(9.127, 306.639]",133,28.938277869684157,-0.7459596682312621,36.84210526315789,-0.5690776693255241,-1.5861825872400421,40.6015037593985,0.520160872655769,43.609022556390975,25.23447308953003,-23.483892664185014,0.017803899203667112,54.13533834586466
atr_pct,"(4.989999999999999, 10.678]",127,8.688945417078378,-0.2641025104282622,44.09448818897638,0.24558916122115906,0.052548607461899266,50.39370078740157,0.16546432871053904,44.09448818897638,12.861152580436894,-12.21910196460094,0.012372625004756069,48.031496062992126
atr_pct,"(10.678, 13.969]",127,12.233363943180587,-0.5056039118370699,38.582677165354326,0.7583986508456233,-0.1222774168895656,49.60629921259843,0.4590352228462912,50.39370078740157,17.575110059334715,-16.363575317658228,0.022377453355319456,57.48031496062992
atr_pct,"(13.969, 20.215]",126,16.597461349462716,0.08125097941160475,35.714285714285715,0.8769806130556784,-0.41609820987789464,48.41269841269841,1.6112028282738715,52.38095238095239,20.537849468249536,-18.94303557118037,0.029845761571883685,61.111111111111114
atr_pct,"(20.215, 290.253]",127,37.526571612578714,-2.571468601613045,26.77165354330709,-0.8452164633477028,-1.014656144306658,45.66929133858268,-2.2134214929089824,43.30708661417323,46.14965945653782,-32.57051395645722,0.0400530433089256,60.629921259842526
oatr,"(-0.001, 11.517]",135,6.713116925925926,-0.4788361397011898,40.0,-2.9988591281517505,-2.05162144275314,40.0,-2.5354207242187736,40.0,27.62703916966669,-23.746236112275557,0.009559114792679627,51.11111111111111
oatr,"(11.517, 15.443]",135,13.450590125925926,-2.2406372516333612,31.851851851851855,-0.6197606231068566,0.0,49.629629629629626,-3.2600267316043903,44.44444444444444,17.56837130741683,-18.130219638950592,0.0035137462963589733,54.81481481481482
oatr,"(15.443, 19.522]",135,17.345776977777774,-0.00447024409443371,37.77777777777778,0.4313581233882924,0.8343265792610114,51.85185185185185,2.093229879300237,51.85185185185185,22.602579539966367,-18.206233691147943,0.03564884237768956,60.0
oatr,"(19.522, 49.199]",135,23.855858288888893,0.04444213231899799,40.0,2.378765953205114,-0.8771929824561403,47.40740740740741,2.213150873785946,51.85185185185185,29.21057549050742,-21.48499962258732,0.05120243696482496,58.51851851851851
dte,"(-0.001, 1.0]",226,0.415929203539823,-1.4250262249942567,32.743362831858406,-1.3137025413859862,-1.0191940563320208,45.57522123893805,-2.674922237188018,45.57522123893805,35.82974053086513,-28.480174141431146,0.026938933250301826,61.504424778761056
dte,"(1.0, 2.0]",110,2.0,-0.04795272346020017,27.27272727272727,1.054905728511794,0.9625342075620376,54.54545454545454,3.184612504547255,55.45454545454545,16.20133891398134,-13.544284927461604,0.04821844365065837,62.727272727272734
dte,"(2.0, 3.0]",112,3.0,-0.10708876229317803,47.32142857142857,-0.45216316125048855,-1.5267335289471777,43.75,-0.5260088226147468,40.17857142857143,15.22431656057618,-14.79754399203313,0.0058004569666346715,42.857142857142854
dte,"(3.0, 6.0]",92,6.0,-0.24356559906182843,48.91304347826087,1.3299185021433544,-0.5429601137985093,46.73913043478261,1.1121555068176243,48.91304347826087,16.427872263285188,-15.520895637802886,0.015737826759303828,51.08695652173913
moneyness,"(-0.103, -0.0448]",135,-0.07412345097367329,-0.48918975208478943,36.2962962962963,-2.058327942605262,-2.5225786359389666,40.0,-3.4310702554180286,43.7037037037037,21.678022377727807,-21.171102831776583,0.007793290447138756,54.074074074074076
moneyness,"(-0.0448, 0.00322]",135,-0.023856894609136394,-0.37053142098686653,43.7037037037037,2.1727805341433495,0.8595988538681912,53.333333333333336,2.214644178481356,51.11111111111111,27.365059041477476,-21.238433945711776,0.04620009404903052,60.0
moneyness,"(0.00322, 0.0531]",135,0.028308066275525512,-1.601342977775273,35.55555555555556,-1.1282311461677008,0.32573289902280594,51.85185185185185,-1.6294584460744714,48.148148148148145,25.678237367930716,-20.794806020055233,0.031297670243462895,57.03703703703704
moneyness,"(0.0531, 0.106]",135,0.07761252213996436,-0.21843735226305766,34.074074074074076,0.20528287996441494,-0.8998548621190197,43.7037037037037,1.3580942644817278,45.18518518518518,22.28724672042131,-18.36334626741782,0.014633085691920948,53.333333333333336
strike_dist,"(0.099, 6.15]",138,3.403623188405697,-1.2907708385764813,41.30434782608695,2.116049030311567,0.8800470631340056,52.17391304347826,4.1016992341816625,51.449275362318836,32.44400933348249,-22.259345523739444,0.06166012920514102,62.31884057971014
strike_dist,"(6.15, 12.075]",132,9.33598484848481,-0.41910969084051797,37.121212121212125,-1.0166251051015975,0.0,49.24242424242424,-3.6328172212349856,46.96969696969697,20.64224325863892,-19.643293502834997,0.012948611690879621,54.54545454545454
strike_dist,"(12.075, 18.55]",135,15.28407407407428,-0.19644565272426798,40.0,-0.650391475998469,-1.8333333333333333,40.74074074074074,-1.2499264291150145,44.44444444444444,21.577271808373748,-19.79415357975153,0.00828333794618537,52.59259259259259
strike_dist,"(18.55, 24.95]",135,21.712962962962884,-0.753805073241254,31.11111111111111,-1.3271431046636588,-0.6704980842911904,46.666666666666664,-0.8415114521676754,45.18518518518518,22.08277963873229,-19.812761969282022,0.015949583422363505,54.81481481481482
premium,"(2.599, 86.138]",135,47.98288888888889,-2.681594046542904,28.14814814814815,-3.7084399159682553,-4.005621925509498,40.74074074074074,-6.521901144432723,39.25925925925926,41.99374131316468,-34.2467806363875,0.01571882148691708,58.51851851851851
premium,"(86.138, 114.55]",135,100.47222222222223,0.4925256815517535,34.81481481481482,2.66448589522827,1.5503875968992311,56.2962962962963,4.238396470983524,58.51851851851851,24.01797949572853,-17.46068519052428,0.05500187728987001,68.14814814814815
premium,"(114.55, 157.012]",135,135.6517037037037,-0.1506394246839184,39.25925925925926,-0.533468744468725,-1.4672844706543131,44.44444444444444,-1.1418230072686237,41.48148148148148,15.330804757501102,-14.777101512153466,-0.0001005880830168323,45.925925925925924
premium,"(157.012, 242.55]",135,185.06651851851848,-0.33979371343491777,47.40740740740741,0.7689270905435112,-0.45440775522568916,47.40740740740741,1.7782116190018344,48.888888888888886,15.666039941162987,-15.083121725896177,0.029304029737782848,51.85185185185185
u_past15,"(-1.2519999999999998, -0.0904]",135,-0.19843569993956964,0.21481899234940569,41.48148148148148,0.0932885014153516,-1.1023622047244095,45.18518518518518,0.5895944772665067,46.666666666666664,28.08791205364482,-24.701778665638273,0.03818075990209567,55.55555555555556
u_past15,"(-0.0904, -0.00662]",135,-0.04626222393692381,-1.8187281670622104,35.55555555555556,-2.193006508871146,0.11352348517099232,50.37037037037037,-2.896196047418301,42.96296296296296,21.3625919705789,-19.730007988539022,0.014363386105318695,54.074074074074076
u_past15,"(-0.00662, 0.0748]",135,0.03289844071080291,-1.0940484958921082,32.592592592592595,-0.9063440911612448,-1.263042284459079,47.40740740740741,0.5280981444697149,50.37037037037037,22.50947913797573,-18.478964370175298,0.014312532070815568,54.074074074074076
u_past15,"(0.0748, 1.634]",135,0.18316461667190206,0.018456167494925898,40.0,2.197566423951841,-0.33619723571160903,45.925925925925924,0.2631444010595465,48.148148148148145,25.04858234535786,-18.656938040608825,0.033067462353323154,60.74074074074074
u_past30,"(-1.1589999999999998, -0.141]",135,-0.31517377103414596,1.0299385353740895,40.0,0.12048551089950016,0.0,49.629629629629626,-0.655795940065954,42.96296296296296,27.679214444956553,-24.01585260708017,0.02169216756510315,54.81481481481482
u_past30,"(-0.141, -0.0177]",135,-0.07376365573215485,-2.443708040090944,34.074074074074076,-0.5557870058802465,-1.6026992830029452,43.7037037037037,-0.5613662169624751,42.96296296296296,21.79451446348149,-20.242948325829072,0.0269175207094254,53.333333333333336
u_past30,"(-0.0177, 0.0983]",135,0.041156992354323005,-1.3674072893655533,32.592592592592595,-2.4239337657415,-0.6704980842911904,48.148148148148145,-1.4284508011049226,51.11111111111111,24.14851685166962,-20.171754635455944,0.02532898331253024,56.2962962962963
u_past30,"(0.0983, 1.656]",135,0.25947811867650794,0.10167529097242112,42.96296296296296,2.0507395860570474,-0.2861230329041461,47.40740740740741,1.1231314205067089,51.11111111111111,23.386319747449654,-17.137133496596235,0.02598546884449432,60.0
resp15,"(-15872.77, -0.432]",134,-376.22447541117685,-1.6151400234606195,41.04477611940299,1.647138072787155,0.09682584514960214,51.49253731343284,-0.8288849625672428,47.76119402985074,26.534452968148,-21.906895733327513,0.02557605657270876,55.223880597014926
resp15,"(-0.432, 11.615]",133,1.0503649729406201,0.26607564156668984,8.270676691729323,0.9346486332574847,0.0,49.62406015037594,1.4438889306759977,48.87218045112782,21.707658080443657,-16.01336177260391,0.04383567814931472,61.65413533834586
resp15,"(11.615, 82.435]",133,45.87992638768977,0.01142332608111495,49.62406015037594,0.3744955434748981,-1.3867488443759717,42.857142857142854,1.3564638970872764,48.87218045112782,23.271820626842317,-19.097533670889568,0.021127249300635188,54.13533834586466
resp15,"(82.435, 3669.35]",134,319.584103917435,-1.6091795551558021,49.25373134328358,-3.7095258635405277,-1.8810135862395816,45.52238805970149,-3.5879591687457615,42.53731343283582,25.49074154445874,-24.653251888841705,0.00761102828504342,52.98507462686567
range_exp,"(0.262, 0.712]",130,0.5504939598547887,-0.972517084893252,33.84615384615385,0.06676924893394454,1.669953065599172,57.692307692307686,-1.165537313884779,49.23076923076923,20.782053805872394,-19.224374113008995,0.027680321523850422,56.92307692307692
range_exp,"(0.712, 0.994]",129,0.8477331448255894,-1.1917001924753552,32.55813953488372,0.9402658118374974,0.5038629492777964,51.93798449612403,2.8513794681826807,56.58914728682171,22.403041766629954,-17.63404880834295,0.03339600842299206,59.68992248062015
range_exp,"(0.994, 1.346]",129,1.1418823577843844,-0.03189846509204009,42.63565891472868,-0.9401452945399079,-2.05162144275314,41.86046511627907,-1.102174811941932,46.51162790697674,25.112078275364542,-20.944343842860786,0.019945770443066654,59.68992248062015
range_exp,"(1.346, 6.163]",130,1.958381561272556,-1.2076184484648458,35.38461538461539,0.2594366638328031,-1.4546765466150746,40.0,-0.17820969968798073,39.23076923076923,28.795134393390583,-22.50708333645113,0.02620715805648115,50.76923076923077
prem_pos,"(-0.001, 0.249]",130,0.1275302786409672,-0.5841086798223225,35.38461538461539,0.09057833258424221,-0.16498086836171055,47.69230769230769,-1.171358933609419,49.23076923076923,33.0662510373476,-21.99798588316014,0.027483339637745876,60.76923076923077
prem_pos,"(0.249, 0.51]",129,0.38332229129602424,-2.546345463554349,27.906976744186046,-0.2427463025821272,0.2838221381267712,50.3875968992248,-2.6469450488272304,46.51162790697674,21.06526953272115,-20.527249559376717,0.021719589983054188,53.48837209302325
prem_pos,"(0.51, 0.754]",129,0.635166405750029,-0.3342712737043759,38.759689922480625,0.47589889435369565,-1.1023622047244095,46.51162790697674,1.20848667741679,50.3875968992248,21.184616591546483,-17.918384914022393,0.02943898800083446,58.91472868217055
prem_pos,"(0.754, 1.0]",130,0.8803767558362728,0.048244933234852065,42.30769230769231,0.004388060127556551,-0.4803546678167714,46.92307692307692,2.9749430583250676,45.38461538461539,21.73566928027511,-19.86520852735227,0.028570546971816005,53.84615384615385
