variant,model,model_description,period,trades,win_rate_pct,gross_pnl,total_cost,net_pnl,final_capital,max_drawdown_pct,profit_factor,expectancy_per_trade,max_position_value,max_quantity,max_lots,max_allocation_pct,max_account_risk_pct,accounting_valid
V8-A,MODEL_1,Unconstrained Compounding,VALIDATION,245,73.47,569346.16,27053.89,542292.32,642292.32,3.06,5.59,2213.44,41749.25,775,31,15.5,3.2,True
V8-A,MODEL_2,Fixed ₹100k Capital,VALIDATION,245,73.47,95760.35,4482.63,91277.72,191277.72,0.95,6.16,372.56,6912.9,75,3,6.91,1.47,True
V8-A,MODEL_3,"20% Allocation + 3% Risk, Compounding",VALIDATION,245,73.47,1762068.9,70403.42,1691665.48,1791665.48,5.69,5.28,6904.76,254689.0,4500,180,14.67,3.0,True
V8-A,MODEL_4,"20% Allocation + 3% Risk, Fixed Capital",VALIDATION,245,73.47,277956.45,13141.68,264814.77,364814.77,1.91,5.87,1080.88,14538.0,250,10,14.54,3.0,True
V8-B,MODEL_1,Unconstrained Compounding,VALIDATION,245,55.92,5180.14,5123.11,57.08,100057.08,18.78,1.0,0.23,8376.0,50,2,9.85,2.1,True
V8-B,MODEL_2,Fixed ₹100k Capital,VALIDATION,245,55.92,5690.85,4984.89,705.96,100705.96,17.54,1.01,2.88,8376.0,50,2,8.38,1.77,True
V8-B,MODEL_3,"20% Allocation + 3% Risk, Compounding",VALIDATION,245,55.92,-25785.8,7213.03,-32998.83,67001.17,46.3,0.8,-134.69,12442.0,125,5,14.4,3.04,True
V8-B,MODEL_4,"20% Allocation + 3% Risk, Fixed Capital",VALIDATION,245,55.92,-18939.65,11379.55,-30319.2,69680.8,59.27,0.88,-123.75,14466.75,150,6,14.47,3.0,True
V8-C,MODEL_1,Unconstrained Compounding,VALIDATION,228,55.26,-6103.83,5830.0,-11933.8,88066.2,22.57,0.9,-52.34,9802.5,25,1,12.05,2.49,True
V8-C,MODEL_2,Fixed ₹100k Capital,VALIDATION,228,55.26,-6106.0,5830.01,-11936.01,88063.99,22.57,0.9,-52.35,9802.5,25,1,9.8,2.07,True
V8-C,MODEL_3,"20% Allocation + 3% Risk, Compounding",VALIDATION,228,55.26,-14783.6,7529.39,-22312.99,77687.01,37.55,0.86,-97.86,13628.5,75,3,14.34,2.99,True
V8-C,MODEL_4,"20% Allocation + 3% Risk, Fixed Capital",VALIDATION,228,55.26,-25615.35,10141.69,-35757.04,64242.96,50.59,0.84,-156.83,14490.0,100,4,14.49,2.99,True
V8-D,MODEL_1,Unconstrained Compounding,VALIDATION,245,73.47,717232.48,33206.05,684026.46,784026.46,2.95,5.78,2791.94,53307.0,975,39,17.84,3.57,True
V8-D,MODEL_2,Fixed ₹100k Capital,VALIDATION,245,73.47,99088.35,4622.41,94465.94,194465.94,0.91,6.22,385.58,6912.9,75,3,6.91,1.38,True
V8-D,MODEL_3,"20% Allocation + 3% Risk, Compounding",VALIDATION,245,73.47,2152596.5,83508.35,2069088.15,2169088.15,5.65,5.38,8445.26,331688.0,5700,228,15.0,3.0,True
V8-D,MODEL_4,"20% Allocation + 3% Risk, Fixed Capital",VALIDATION,245,73.47,296726.0,14062.91,282663.09,382663.09,1.85,5.89,1153.73,15000.75,275,11,15.0,3.0,True
V8-E,MODEL_1,Unconstrained Compounding,VALIDATION,246,72.36,432229308.73,19475745.8,412753563.02,412853563.02,3.76,8.35,1677860.01,527523694.2,2283975,136964,6801.37,133.96,True
V8-E,MODEL_2,Fixed ₹100k Capital,VALIDATION,246,72.36,365972.7,19333.76,346638.94,446638.94,0.9,10.9,1409.1,201918.6,1000,66,201.92,2.63,True
V8-E,MODEL_3,"20% Allocation + 3% Risk, Compounding",VALIDATION,246,72.36,1932438.25,81148.97,1851289.28,1951289.28,7.54,5.22,7525.57,390918.0,6775,271,20.0,3.0,True
V8-E,MODEL_4,"20% Allocation + 3% Risk, Fixed Capital",VALIDATION,246,72.36,293575.2,14406.76,279168.44,379168.44,2.04,6.51,1134.83,19942.0,350,14,19.94,3.0,True
V8-F,MODEL_1,Unconstrained Compounding,VALIDATION,256,48.83,62432.99,6032.89,56400.12,156400.12,2.68,2.48,220.31,8080.5,150,6,6.85,1.71,True
V8-F,MODEL_2,Fixed ₹100k Capital,VALIDATION,256,48.83,44207.8,4289.87,39917.93,139917.93,2.3,2.52,155.93,6952.65,50,2,6.95,1.74,True
V8-F,MODEL_3,"20% Allocation + 3% Risk, Compounding",VALIDATION,256,48.83,204771.85,18672.42,186099.43,286099.43,7.28,2.58,726.95,33729.75,625,25,11.98,2.99,True
V8-F,MODEL_4,"20% Allocation + 3% Risk, Fixed Capital",VALIDATION,256,48.83,118231.05,10969.43,107261.62,207261.62,4.7,2.59,418.99,11991.25,200,8,11.99,3.0,True
V8-G,MODEL_1,Unconstrained Compounding,VALIDATION,256,48.83,62432.99,6032.89,56400.12,156400.12,2.68,2.48,220.31,8080.5,150,6,6.85,1.71,True
V8-G,MODEL_2,Fixed ₹100k Capital,VALIDATION,256,48.83,44207.8,4289.87,39917.93,139917.93,2.3,2.52,155.93,6952.65,50,2,6.95,1.74,True
V8-G,MODEL_3,"20% Allocation + 3% Risk, Compounding",VALIDATION,256,48.83,204771.85,18672.42,186099.43,286099.43,7.28,2.58,726.95,33729.75,625,25,11.98,2.99,True
V8-G,MODEL_4,"20% Allocation + 3% Risk, Fixed Capital",VALIDATION,256,48.83,118231.05,10969.43,107261.62,207261.62,4.7,2.59,418.99,11991.25,200,8,11.99,3.0,True
V8-H,MODEL_1,Unconstrained Compounding,VALIDATION,0,0.0,0,0,0,100000.0,0.0,0.0,0.0,0.0,0,0,0.0,0.0,True
V8-H,MODEL_2,Fixed ₹100k Capital,VALIDATION,0,0.0,0,0,0,100000.0,0.0,0.0,0.0,0.0,0,0,0.0,0.0,True
V8-H,MODEL_3,"20% Allocation + 3% Risk, Compounding",VALIDATION,0,0.0,0,0,0,100000.0,0.0,0.0,0.0,0.0,0,0,0.0,0.0,True
V8-H,MODEL_4,"20% Allocation + 3% Risk, Fixed Capital",VALIDATION,0,0.0,0,0,0,100000.0,0.0,0.0,0.0,0.0,0,0,0.0,0.0,True
V8-I,MODEL_1,Unconstrained Compounding,VALIDATION,0,0.0,0,0,0,100000.0,0.0,0.0,0.0,0.0,0,0,0.0,0.0,True
V8-I,MODEL_2,Fixed ₹100k Capital,VALIDATION,0,0.0,0,0,0,100000.0,0.0,0.0,0.0,0.0,0,0,0.0,0.0,True
V8-I,MODEL_3,"20% Allocation + 3% Risk, Compounding",VALIDATION,0,0.0,0,0,0,100000.0,0.0,0.0,0.0,0.0,0,0,0.0,0.0,True
V8-I,MODEL_4,"20% Allocation + 3% Risk, Fixed Capital",VALIDATION,0,0.0,0,0,0,100000.0,0.0,0.0,0.0,0.0,0,0,0.0,0.0,True
V8-J,MODEL_1,Unconstrained Compounding,VALIDATION,0,0.0,0,0,0,100000.0,0.0,0.0,0.0,0.0,0,0,0.0,0.0,True
V8-J,MODEL_2,Fixed ₹100k Capital,VALIDATION,0,0.0,0,0,0,100000.0,0.0,0.0,0.0,0.0,0,0,0.0,0.0,True
V8-J,MODEL_3,"20% Allocation + 3% Risk, Compounding",VALIDATION,0,0.0,0,0,0,100000.0,0.0,0.0,0.0,0.0,0,0,0.0,0.0,True
V8-J,MODEL_4,"20% Allocation + 3% Risk, Fixed Capital",VALIDATION,0,0.0,0,0,0,100000.0,0.0,0.0,0.0,0.0,0,0,0.0,0.0,True
V8-A,MODEL_1,Unconstrained Compounding,FULL,585,76.41,832076.2,38742.48,793333.89,893333.89,1.91,5.61,1356.13,41749.25,775,31,5.6,1.17,True
V8-A,MODEL_2,Fixed ₹100k Capital,FULL,585,76.41,229795.05,10441.82,219353.23,319353.23,1.4,5.97,374.96,6912.9,100,4,6.91,1.47,True
V8-A,MODEL_3,"20% Allocation + 3% Risk, Compounding",FULL,585,76.41,171551633.0,5921326.75,165630306.25,165730306.25,5.96,5.3,283128.73,23727538.0,417550,16702,14.7,3.0,True
V8-A,MODEL_4,"20% Allocation + 3% Risk, Fixed Capital",FULL,585,76.41,697878.7,31753.63,666125.07,766125.07,2.41,5.87,1138.68,14538.0,300,12,14.54,3.0,True
V8-B,MODEL_1,Unconstrained Compounding,FULL,588,60.37,41155.64,12076.32,29079.5,129079.5,18.28,1.13,49.45,8376.0,75,3,7.27,1.55,True
V8-B,MODEL_2,Fixed ₹100k Capital,FULL,588,60.37,45428.4,11593.36,33835.04,133835.04,16.85,1.16,57.54,8376.0,50,2,8.38,1.77,True
V8-B,MODEL_3,"20% Allocation + 3% Risk, Compounding",FULL,588,60.37,74865.65,42656.7,32208.95,132208.95,56.17,1.04,54.78,29586.0,350,14,14.65,3.0,True
V8-B,MODEL_4,"20% Allocation + 3% Risk, Fixed Capital",FULL,588,60.37,68765.65,28029.12,40736.53,140736.53,39.33,1.07,69.28,14515.5,175,7,14.52,3.0,True
V8-C,MODEL_1,Unconstrained Compounding,FULL,567,58.38,8685.9,14017.9,-5331.92,94668.08,30.51,0.98,-9.4,9802.5,25,1,11.14,2.31,True
V8-C,MODEL_2,Fixed ₹100k Capital,FULL,567,58.38,8683.45,14017.92,-5334.47,94665.53,30.51,0.98,-9.41,9802.5,25,1,9.8,2.07,True
V8-C,MODEL_3,"20% Allocation + 3% Risk, Compounding",FULL,567,58.38,537.95,24395.0,-23857.05,76142.95,51.63,0.95,-42.08,17435.4,125,5,14.55,3.0,True
V8-C,MODEL_4,"20% Allocation + 3% Risk, Fixed Capital",FULL,567,58.38,5999.75,25435.12,-19435.37,80564.63,51.62,0.96,-34.28,14493.5,100,4,14.49,3.0,True
V8-D,MODEL_1,Unconstrained Compounding,FULL,585,76.41,1023156.93,46911.46,976245.63,1076245.63,1.99,5.75,1668.8,53307.0,975,39,5.58,1.12,True
V8-D,MODEL_2,Fixed ₹100k Capital,FULL,585,76.41,239022.2,10797.26,228224.94,328224.94,1.49,6.14,390.13,6912.9,100,4,6.91,1.38,True
V8-D,MODEL_3,"20% Allocation + 3% Risk, Compounding",FULL,585,76.41,289353852.6,9884514.65,279469337.95,279569337.95,5.97,5.43,477725.36,42894366.0,735575,29423,15.01,3.0,True
V8-D,MODEL_4,"20% Allocation + 3% Risk, Fixed Capital",FULL,585,76.41,747207.0,33806.91,713400.09,813400.09,2.24,6.05,1219.49,15000.75,300,12,15.0,3.0,True
V8-E,MODEL_1,Unconstrained Compounding,FULL,586,75.6,446124324.42,20049180.97,426075143.61,426175143.61,3.58,8.38,727090.69,527523694.2,2283975,136964,205.11,1.0,True
V8-E,MODEL_2,Fixed ₹100k Capital,FULL,586,75.6,873930.4,42031.6,831898.8,931898.8,1.72,11.62,1419.62,201918.6,1000,66,201.92,2.83,True
V8-E,MODEL_3,"20% Allocation + 3% Risk, Compounding",FULL,586,75.6,247254221.35,9119486.53,238134734.82,238234734.82,7.6,5.31,406373.27,47922993.0,829200,33168,20.0,3.0,True
V8-E,MODEL_4,"20% Allocation + 3% Risk, Fixed Capital",FULL,586,75.6,735840.7,33378.48,702462.22,802462.22,2.01,7.65,1198.74,19986.0,400,16,19.99,3.0,True
V8-F,MODEL_1,Unconstrained Compounding,FULL,605,50.08,123786.75,12372.0,111414.84,211414.84,2.92,2.27,184.16,8080.5,150,6,5.66,1.41,True
V8-F,MODEL_2,Fixed ₹100k Capital,FULL,605,50.08,103280.7,9887.04,93393.66,193393.66,1.61,2.42,154.37,6952.65,75,3,6.95,1.74,True
V8-F,MODEL_3,"20% Allocation + 3% Risk, Compounding",FULL,605,50.08,1422179.35,119732.61,1302446.74,1402446.74,8.61,2.41,2152.8,168552.0,3050,122,12.0,3.0,True
V8-F,MODEL_4,"20% Allocation + 3% Risk, Fixed Capital",FULL,605,50.08,278275.3,26439.01,251836.29,351836.29,4.9,2.36,416.26,12005.0,250,10,12.01,3.0,True
V8-G,MODEL_1,Unconstrained Compounding,FULL,605,50.08,123786.75,12372.0,111414.84,211414.84,2.92,2.27,184.16,8080.5,150,6,5.66,1.41,True
V8-G,MODEL_2,Fixed ₹100k Capital,FULL,605,50.08,103280.7,9887.04,93393.66,193393.66,1.61,2.42,154.37,6952.65,75,3,6.95,1.74,True
V8-G,MODEL_3,"20% Allocation + 3% Risk, Compounding",FULL,605,50.08,1422179.35,119732.61,1302446.74,1402446.74,8.61,2.41,2152.8,168552.0,3050,122,12.0,3.0,True
V8-G,MODEL_4,"20% Allocation + 3% Risk, Fixed Capital",FULL,605,50.08,278275.3,26439.01,251836.29,351836.29,4.9,2.36,416.26,12005.0,250,10,12.01,3.0,True
V8-H,MODEL_1,Unconstrained Compounding,FULL,187,82.89,59286.32,3822.54,55463.73,155463.73,1.87,4.83,296.6,7009.0,125,5,5.61,1.18,True
V8-H,MODEL_2,Fixed ₹100k Capital,FULL,187,82.89,49173.1,3152.4,46020.7,146020.7,1.5,4.9,246.1,6274.65,100,4,6.27,1.35,True
V8-H,MODEL_3,"20% Allocation + 3% Risk, Compounding",FULL,187,82.89,407533.15,25061.26,382471.89,482471.89,5.22,5.0,2045.3,64688.0,1300,52,14.49,3.0,True
V8-H,MODEL_4,"20% Allocation + 3% Risk, Fixed Capital",FULL,187,82.89,160121.55,10147.08,149974.47,249974.47,3.07,5.15,802.0,14442.0,300,12,14.44,3.0,True
V8-I,MODEL_1,Unconstrained Compounding,FULL,0,0.0,0,0,0,100000.0,0.0,0.0,0.0,0.0,0,0,0.0,0.0,True
V8-I,MODEL_2,Fixed ₹100k Capital,FULL,0,0.0,0,0,0,100000.0,0.0,0.0,0.0,0.0,0,0,0.0,0.0,True
V8-I,MODEL_3,"20% Allocation + 3% Risk, Compounding",FULL,0,0.0,0,0,0,100000.0,0.0,0.0,0.0,0.0,0,0,0.0,0.0,True
V8-I,MODEL_4,"20% Allocation + 3% Risk, Fixed Capital",FULL,0,0.0,0,0,0,100000.0,0.0,0.0,0.0,0.0,0,0,0.0,0.0,True
V8-J,MODEL_1,Unconstrained Compounding,FULL,0,0.0,0,0,0,100000.0,0.0,0.0,0.0,0.0,0,0,0.0,0.0,True
V8-J,MODEL_2,Fixed ₹100k Capital,FULL,0,0.0,0,0,0,100000.0,0.0,0.0,0.0,0.0,0,0,0.0,0.0,True
V8-J,MODEL_3,"20% Allocation + 3% Risk, Compounding",FULL,0,0.0,0,0,0,100000.0,0.0,0.0,0.0,0.0,0,0,0.0,0.0,True
V8-J,MODEL_4,"20% Allocation + 3% Risk, Fixed Capital",FULL,0,0.0,0,0,0,100000.0,0.0,0.0,0.0,0.0,0,0,0.0,0.0,True
