i,direction,label,u5,u15,u30,u45,u60,u5_raw,u30_raw,mfe,mae,o5,o15,o30,o45,o60,omfe,omae,has_opt
102,PE,E_Full_V9,-0.07438528824299517,0.005313234874493311,0.044670530241153195,0.11177471884132872,0.08205996083948675,0.07438528824299517,-0.044670530241153195,0.1306662206173259,-0.07438528824299517,0.0,-17.60023584905661,-8.018867924528308,-4.790683962264151,-7.9451650943396235,8.195754716981135,-27.32900943396227,True
120,PE,E_Full_V9,0.03784645770954498,0.13403953772128663,0.256252057408346,0.3717626002093466,0.4322775091511577,-0.03784645770954498,-0.256252057408346,0.4354313806269494,0.03784645770954498,0.0,12.345679012345679,39.50617283950616,94.8559670781893,115.63786008230453,142.38683127572014,-14.403292181069958,True
208,PE,E_Full_V9,-0.03774572165227141,0.11423572902167223,0.09406473491119227,0.183136649498028,0.06710350515958252,0.03774572165227141,-0.09406473491119227,0.20290821798253367,-0.03774572165227141,0.0,-3.614457831325301,11.191432396251678,0.8567603748326609,9.397590361445788,14.270414993306563,-9.02275769745649,True
215,PE,E_Full_V9,-0.016403969760681036,-0.0010002420585797367,-0.10802614232643393,-0.22065339812233908,-0.33548118644710634,0.016403969760681036,0.10802614232643393,0.035208520461949,-0.4387061668923886,0.0,-1.463933989885547,-3.194037796113921,0.6121905775885045,-11.791322863987228,3.5666755389938873,-15.091828586638274,True
231,PE,E_Full_V9,-0.13219905743269145,0.015576323987542828,-0.08267433501079058,0.0770828340921792,0.5505631440210768,0.13219905743269145,0.08267433501079058,0.5505631440210768,-0.15875868679606775,0.0,0.0,-12.3812539582014,-11.96960101329956,-1.2666244458518048,6.269791006966438,-15.737808739708672,True
239,PE,E_Full_V9,0.007793562517366404,0.19304054850693975,0.4945914674478913,0.5233676982812185,0.1816499571354102,-0.007793562517366404,-0.4945914674478913,0.7393892644675493,0.007793562517366404,0.0,0.0,2.379333786539769,16.111488783140732,15.363698164513934,18.932698844323586,-9.823249490142754,True
246,PE,E_Full_V9,-0.11797557140642567,-0.2689681969265889,-0.5284741893206046,-0.4260005274675738,-0.1878348261470819,0.11797557140642567,0.5284741893206046,-0.11797557140642567,-0.5618938904357274,0.0,-4.494072236007724,-16.432313206506745,-30.024813895781634,-32.09263854425144,14.86076647366971,-44.19630548662806,True
256,PE,E_Full_V9,-0.015662619151379786,-0.025903562442652905,-0.1598390364677904,-0.03534129449538348,0.3431720016626505,0.015662619151379786,0.1598390364677904,0.3431720016626505,-0.1598390364677904,0.0,0.5599764220453808,0.17683465959327024,-7.933981727085179,-13.645741231948131,10.050103153551419,-19.746536987916297,True
264,PE,E_Full_V9,-0.05141377849096074,0.2946250509618942,0.41030605256656694,0.46272400641869105,0.5306062608325335,0.05141377849096074,-0.41030605256656694,0.5306062608325335,-0.05141377849096074,0.0,-4.135673906575434,24.189229396013076,27.10502826539719,32.966379053853004,40.37488842606366,-8.59863135971438,True
277,PE,E_Full_V9,0.061626619466736976,0.020003394515433204,-0.29702010038066273,0.0523321129242138,-0.010506833482870626,-0.061626619466736976,0.29702010038066273,0.17033193511625244,-0.29702010038066273,0.0,6.813683912920561,7.124681933842236,-6.135142776364147,-14.509471303364432,19.366694939214025,-18.40542832909244,True
385,CE,E_Full_V9,-0.02879469383296751,-0.15429984212563808,0.03991540317536124,0.12888107791446668,0.11895187314447941,-0.02879469383296751,0.03991540317536124,0.12888107791446668,-0.2408825077199639,0.0,6.1921014139444255,-15.650901999024864,-26.289614822038025,-1.0238907849829324,7.215992198927358,-42.51584592881521,True
845,PE,E_Full_V9,-0.008057222393431651,0.12690125269665398,0.16779165634335236,0.17323028145892483,0.16678450354418173,0.008057222393431651,-0.16779165634335236,0.17323028145892483,-0.008057222393431651,0.0,-6.8131868131868165,57.58241758241759,38.24175824175824,66.1098901098901,92.52747252747251,-16.263736263736263,True
866,PE,E_Full_V9,-0.019576462230541658,-0.07648947613789758,-0.04884024597722192,0.05045479956325982,0.005650937551093804,0.019576462230541658,0.04884024597722192,0.05045479956325982,-0.07648947613789758,0.0,-8.653846153846157,-21.634615384615383,-24.038461538461537,-16.826923076923077,51.442307692307686,-29.807692307692314,True
1086,PE,E_Full_V9,-0.17523826522229946,0.003042330993441311,0.18112010514296228,0.18071446101051158,0.2904411988406741,0.17523826522229946,-0.18112010514296228,0.2904411988406741,-0.17523826522229946,0.0,0.0,-18.5576481396417,5.74184657785944,-2.802021129995404,18.603582912264585,-22.094625631603122,True
1093,PE,E_Full_V9,-0.0623794826363433,0.03454238452176295,0.0867623422987851,0.04734338584453379,-0.01259781082558753,0.0623794826363433,-0.0867623422987851,0.10931648748652156,-0.0623794826363433,0.0,0.0,-6.846846846846842,1.306306306306309,3.4684684684684637,9.729729729729728,-11.576576576576572,True
1108,PE,E_Full_V9,-0.17833395014783537,-0.015250907937391922,0.15738936991382957,0.26048550757055144,0.4233652043418412,0.17833395014783537,-0.15738936991382957,0.4634242558573698,-0.17833395014783537,0.0,0.0,-17.235494880546078,-4.22354948805461,-3.0716723549488125,5.41808873720136,-21.84300341296929,True
1117,PE,E_Full_V9,0.032416364759535465,0.16330508284523315,0.1690136250670271,0.27706817426548236,0.4627996729820838,-0.032416364759535465,-0.1690136250670271,0.4627996729820838,0.032416364759535465,,,,,,,,False
1129,PE,E_Full_V9,0.013928061562040739,-0.3959256323442295,-0.445697969985015,-0.330381813228775,-0.4977233764079214,-0.013928061562040739,0.445697969985015,0.013928061562040739,-0.5503632561350003,0.0,0.41341295360588226,-38.86081763895269,-35.92099219108865,-41.34129536058796,9.64630225080386,-49.47175011483693,True
1204,PE,E_Full_V9,0.015595501928911126,-0.05602068456045384,-0.31868176967906336,-0.266149552655337,-0.2616350652548727,-0.015595501928911126,0.31868176967906336,0.04678650578675558,-0.32709513256177214,0.0,-6.197964847363542,-37.94634597594819,-61.79463459759482,-77.05827937095282,20.25901942645699,-79.92599444958371,True
1302,PE,E_Full_V9,-0.09509937781386757,-0.057598315974405345,-0.09074842588774334,-0.011602538469657198,0.0099450329740014,0.09509937781386757,0.09074842588774334,0.1292854286620071,-0.09509937781386757,0.0,-8.669354838709669,-7.632488479262673,-4.1474654377880125,-11.635944700460824,3.024193548387097,-13.594470046082947,True
1312,PE,E_Full_V9,-0.08049308236639519,-0.07426939043084779,-0.06866806768885958,-0.11845760317326093,-0.012447383871094786,0.08049308236639519,0.06866806768885958,-0.012447383871094786,-0.14563439129180455,0.0,-2.8527607361963225,-5.460122699386506,-3.46625766871166,-2.8527607361963225,7.300613496932519,-14.785276073619627,True
1323,PE,E_Full_V9,0.03856720750609055,0.02799232802861429,-0.011818982945399625,0.02405266704680331,0.07547561038826478,-0.03856720750609055,0.011818982945399625,0.07547561038826478,-0.06801098958064689,0.0,3.1746031746031784,4.8590864917395535,7.48299319727892,0.5442176870748322,10.463232912212508,-8.850016196954972,True
1335,PE,E_Full_V9,0.048764190898320514,0.01058286696090649,-0.10686620558568727,-0.20045195067137644,-0.46730620384263233,-0.048764190898320514,0.10686620558568727,0.048764190898320514,-0.46730620384263233,0.0,4.511278195488721,-0.36090225563909434,1.954887218045113,-13.774436090225567,9.052631578947375,-14.736842105263156,True
1379,CE,E_Full_V9,0.0018421596661211126,-0.037866615359105626,0.21553268093590372,0.2100062019375626,0.09804383111899906,0.0018421596661211126,0.21553268093590372,0.24910092374073045,-0.037866615359105626,0.0,2.916869227029655,-5.104521147301896,-3.5974720466698966,30.432668935342743,35.14827418570734,-11.08410306271268,True
1389,CE,E_Full_V9,-0.0357307656184247,-0.25746568825620875,-0.3179017261022543,-0.25746568825620875,-0.21908063719184856,-0.0357307656184247,-0.3179017261022543,-0.0357307656184247,-0.3179017261022543,,,,,,,,False
1399,CE,E_Full_V9,-0.07626236707755085,-0.17583280344959373,-0.20527457518999537,-0.26150018094422967,-0.30075587659808,-0.07626236707755085,-0.20527457518999537,-0.07626236707755085,-0.33530906704341,0.0,-12.258842443729904,-22.30707395498392,-19.011254019292608,-24.55787781350483,3.4485530546623724,-26.04501607717042,True
1440,PE,E_Full_V9,-0.026678192748907925,0.08623880911855508,-0.01178803865651279,-0.00661784626330153,-0.017371846441149863,0.026678192748907925,0.01178803865651279,0.08623880911855508,-0.12036207891368278,0.0,0.0,-1.6026992830029452,6.4951497258540725,10.662167861661747,22.14255588359343,-22.943905525094898,True
1586,PE,E_Full_V9,0.08568821436883978,0.04510990131436632,0.081362607393487,0.0751831688572735,0.08610017693791994,-0.08568821436883978,-0.081362607393487,0.15592783239714025,0.030279248827447258,0.0,0.0,39.043824701195206,39.043824701195206,0.7968127490039812,43.42629482071712,-17.92828685258964,True
1593,PE,E_Full_V9,-0.010934057319200718,-0.12295656909910857,-0.040022775847692316,-0.02929502149675578,-0.020836599796991706,0.010934057319200718,0.040022775847692316,-0.010934057319200718,-0.12295656909910857,0.0,0.0,4.411764705882353,4.411764705882353,-13.970588235294118,7.05882352941176,-28.97058823529412,True
1704,PE,E_Full_V9,0.010684006879657648,-0.12171388229575975,-0.0356133562655403,-0.06368506061602552,-0.11752407567628964,-0.010684006879657648,0.0356133562655403,0.03959367255405022,-0.16026010319494244,0.0,2.055902055902064,-7.599907599907595,-8.893508893508894,-4.088704088704087,3.9270039270039274,-13.559713559713558,True
1711,PE,E_Full_V9,0.011100545811748574,-0.037281078386608435,-0.10974879255383208,-0.2329020177860075,-0.2571975520154757,-0.011100545811748574,0.10974879255383208,0.011100545811748574,-0.2676697650454196,0.0,0.24330900243309003,-0.7299270072992701,-1.6301703163017003,-5.401459854014596,2.068126520681265,-13.990267639902676,True
1814,CE,E_Full_V9,-0.07168134867737708,0.010474924878378644,0.0490883734495684,0.14541660419367108,-0.07825385056183798,-0.07168134867737708,0.0490883734495684,0.2507820250289283,-0.07825385056183798,0.0,-7.313707451701934,-1.8859245630174766,7.175712971481138,1.6559337626494914,19.595216191352343,-22.95308187672493,True
1822,CE,E_Full_V9,-0.10510184430176928,-0.1581649586763434,-0.3112079951157365,-0.235608422898681,-0.19873058279279432,-0.10510184430176928,-0.3112079951157365,-0.10510184430176928,-0.4320853599072305,0.0,-8.889912482726846,-18.332565637954854,-32.05895900506679,-30.631045601105484,6.725011515430674,-51.17457392906495,True
1831,CE,E_Full_V9,0.05667956332091606,0.03696493260061384,0.07701027625126589,0.14108282609230915,0.3199520277318957,0.05667956332091606,0.07701027625126589,0.3199520277318957,0.02258968103370229,0.0,-0.7115749525616698,-4.316888045540807,-0.04743833017078877,-2.2770398481973486,8.159392789373808,-23.244781783681212,True
1842,CE,E_Full_V9,0.1315940508010316,0.19083187117721057,0.09121394486988343,0.17197415673220195,0.10802190774477083,0.1315940508010316,0.09121394486988343,0.19452142400342431,0.07051145401177905,0.0,24.105668684645025,26.912493120528346,22.61970280682445,5.72372041827188,37.259218492019826,-4.788112272977429,True
1851,CE,E_Full_V9,0.022508558367762,-0.06384245646129383,-0.031921228230658016,0.056476019177287284,0.13423285717499844,0.022508558367762,-0.031921228230658016,0.13423285717499844,-0.09064810324471706,0.0,3.102625298329366,-4.5346062052505935,-9.498806682577559,-0.9546539379474906,6.563245823389022,-14.677804295942718,True
1859,CE,E_Full_V9,-0.03393676721625827,-0.013288493187091355,0.033119013789351115,0.1271606578826301,0.11223665784174663,-0.03393676721625827,0.033119013789351115,0.13145386337385379,-0.03393676721625827,0.0,-5.636160714285712,-1.0044642857142763,2.678571428571435,3.515625000000006,11.607142857142865,-12.220982142857132,True
1867,CE,E_Full_V9,0.01797095648372604,0.02225948019007884,0.18175171898324738,-0.0032674466334037255,-0.08985478241868572,0.01797095648372604,0.18175171898324738,0.18175171898324738,-0.08985478241868572,0.0,1.299545159194282,1.8063677712800528,-3.3138401559454156,33.59324236517218,49.382716049382715,-11.760883690708248,True
1885,CE,E_Full_V9,-0.009593305097710392,-0.4047558299739795,-0.6329540235750386,-0.6403020870541343,-1.1126192784609912,-0.009593305097710392,-0.6329540235750386,-0.009593305097710392,-1.1238454865540648,0.0,3.9617083946980816,-45.58173784977909,-65.8321060382916,-73.56406480117819,4.270986745213536,-74.59499263622975,True
1911,PE,E_Full_V9,-0.048152135950219055,-0.09320434898518748,-0.06489171969255025,-0.016532922214662626,-0.014052983882462122,0.048152135950219055,0.06489171969255025,-0.014052983882462122,-0.10353742536934885,0.0,-20.384615384615387,-46.73076923076923,-52.11538461538462,-48.46153846153846,6.730769230769231,-58.269230769230774,True
2160,PE,E_Full_V9,-0.07514324180468712,0.05510504399011129,0.037989083356804176,0.052809000490527946,0.0025047747268192033,0.07514324180468712,-0.037989083356804176,0.12002045566026354,-0.07514324180468712,0.0,-8.584686774941995,8.352668213457076,6.821345707656608,-0.324825986078881,19.25754060324826,-16.566125290023194,True
2174,PE,E_Full_V9,-0.206509652445086,-0.09510312941549692,-0.02152884028525648,0.21152608124943573,0.3279490330833523,0.206509652445086,0.02152884028525648,0.3279490330833523,-0.206509652445086,0.0,-21.77242888402626,-13.741794310722103,-17.067833698030643,-2.5711159737418035,3.610503282275708,-30.743982494529547,True
2181,PE,E_Full_V9,0.11331255239661608,0.18355797233250426,0.3528996096779813,0.5515101719967497,0.8090767117617137,-0.11331255239661608,-0.3528996096779813,0.8090767117617137,0.11331255239661608,0.0,19.48198198198198,24.83108108108108,30.630630630630634,60.58558558558559,91.72297297297298,-9.45945945945945,True
2192,PE,E_Full_V9,0.1387041371297637,-0.16122514270320298,0.25699203556214245,0.1119735978043046,0.20816144403844605,-0.1387041371297637,-0.25699203556214245,0.25699203556214245,-0.16122514270320298,0.0,17.875056999543997,-19.1062471500228,-3.146374829001371,21.84222526219789,28.308253533971715,-22.207022343821254,True
2209,PE,E_Full_V9,0.02487750988776627,-0.0025299162597747227,0.004216527099620837,0.04279775006114095,0.1115271417849395,-0.02487750988776627,-0.004216527099620837,0.1334530827029723,-0.0025299162597747227,0.0,-0.10325245224573497,-7.640681466184813,-1.6520392359318476,-6.504904491481669,9.963861641713997,-12.390294269488901,True
2216,PE,E_Full_V9,-0.1241315541143928,-0.12687595922236117,0.0014777565965906625,-0.03947721193775511,0.02174413277853393,0.1241315541143928,-0.0014777565965906625,0.02174413277853393,-0.12687595922236117,0.0,-18.5972850678733,-25.067873303167428,-16.83257918552036,-7.918552036199094,0.3619909502262495,-31.14027149321267,True
2228,PE,E_Full_V9,0.01773693590209069,0.08572852352679572,0.024705017863635437,0.16512242708853764,-0.028294635843795213,-0.01773693590209069,-0.024705017863635437,0.16512242708853764,-0.028294635843795213,0.0,2.953995157384985,12.590799031477,16.852300242130756,1.7917675544794134,29.782082324455207,-10.217917675544792,True
2248,PE,E_Full_V9,0.059077876923208095,0.08258197849481119,0.1327664115801208,0.30195359316307346,0.038750005293719525,-0.059077876923208095,-0.1327664115801208,0.40211071067086657,0.038750005293719525,0.0,10.3448275862069,14.744351961950066,36.50416171224733,24.197384066587407,47.20570749108205,-18.192627824019024,True
2353,PE,E_Full_V9,0.04619105561532999,0.035498681630297124,0.052820327486036156,-0.07163890569967801,-0.13664853952861655,-0.04619105561532999,-0.052820327486036156,0.11889919871350685,-0.19331812164926632,0.0,3.945578231292525,2.8503401360544203,-15.340136054421766,3.4353741496598715,17.687074829931973,-17.755102040816322,True
2433,CE,E_Full_V9,0.018750539868062077,-0.00737380781328234,0.1278828955047162,0.18118499198360727,0.11503140188726668,0.018750539868062077,0.1278828955047162,0.18581995689481712,-0.00737380781328234,0.0,5.9496567505720686,3.203661327231118,10.583524027459953,20.537757437070926,31.46453089244851,-8.810068649885586,True
2440,CE,E_Full_V9,-0.019977499027412637,-0.06350741796081749,-0.15140841368143088,-0.1143974681148685,-0.10493444225977422,-0.019977499027412637,-0.15140841368143088,-0.004626368195814745,-0.15140841368143088,,,,,,,,False
2459,CE,E_Full_V9,0.009048821548818253,-0.06397306397306624,-0.022306397306393055,0.027567340067347068,-0.2215909090909185,0.009048821548818253,-0.022306397306393055,0.027567340067347068,-0.2215909090909185,0.0,-0.9733606557376934,-11.629098360655732,-1.588114754098358,-7.581967213114746,2.612704918032799,-15.983606557377044,True
2490,PE,E_Full_V9,0.12203988924183173,0.06477336827949154,-0.14477491254523134,-0.018230914913108798,-0.03238668413974022,-0.12203988924183173,0.14477491254523134,0.12203988924183173,-0.14477491254523134,0.0,2.6383526383526346,-22.458172458172463,-39.510939510939515,-55.22522522522523,8.172458172458166,-58.442728442728445,True
2529,PE,E_Full_V9,-0.0023565352077259405,0.02570765681134679,-0.01670997692737597,-0.07155297812493355,-0.02270843018337132,0.0023565352077259405,0.01670997692737597,0.11975483464620185,-0.07155297812493355,0.0,0.0,5.511811023622047,52.75590551181102,20.31496062992127,58.740157480314956,-16.06299212598426,True
2583,CE,E_Full_V9,-0.05479812836780562,-0.06584271237991546,-0.04842625297620806,0.08368396347642193,0.21367022146514536,-0.05479812836780562,-0.04842625297620806,0.21367022146514536,-0.13168542475983092,0.0,-2.0784619381657574,-5.274097168095597,-8.002078461938154,-0.8054040010392222,4.780462457781251,-11.32761756300337,True
2590,CE,E_Full_V9,-0.03543307921944905,0.10799663067486698,0.314442056306774,0.25800373850810576,0.3322646829800213,-0.03543307921944905,0.314442056306774,0.35730122997341685,-0.03543307921944905,0.0,-3.3617315219894133,8.542482155192255,7.022795302786092,28.68984572875891,36.19617775731061,-15.864609716785639,True
2601,CE,E_Full_V9,-0.02494740959206876,0.1397477774606415,0.19450522732797904,0.33805854184505435,0.1708263300880697,-0.02494740959206876,0.19450522732797904,0.33805854184505435,-0.02494740959206876,,,,,,,,False
2610,CE,E_Full_V9,-0.04150916362196666,-0.1666687737308048,0.01748863238892895,0.4260483697644757,0.6479222240483473,-0.04150916362196666,0.01748863238892895,0.6479222240483473,-0.1666687737308048,0.0,-1.1292346298619824,-7.979924717691346,-2.5345043914680105,0.9786700125470458,4.1405269761606025,-17.239648682559597,True
2617,CE,E_Full_V9,0.2187649361286459,0.48932599765443285,0.5455437435123223,0.4150006632430703,0.7784157544442394,0.2187649361286459,0.5455437435123223,0.7784157544442394,0.2187649361286459,0.0,14.824355971896958,40.93208430913348,29.555035128805628,37.067915690866506,48.47775175644028,-6.135831381733019,True
2628,CE,E_Full_V9,0.13745373750728707,0.06569326267471531,-0.043934984591376125,1.6304063567646132,1.6235022877574057,0.13745373750728707,-0.043934984591376125,1.7274817512903162,-0.10649003408099711,0.0,6.852851443323161,-7.251818821872807,-1.196902135648914,-14.40976296643981,13.682234217319866,-24.900258155362597,True
2637,CE,E_Full_V9,-0.0008234315687083438,-0.006793310441921552,0.003911299951431246,-0.05290547829022163,-0.0006175736765312578,-0.0008234315687083438,0.003911299951431246,0.09551806197145574,-0.132778340456019,0.0,-0.45428733674047866,-6.871095968199883,-3.0096536059057257,-7.836456558773415,15.161839863713809,-28.449744463373083,True
2652,CE,E_Full_V9,-0.04851983659505121,-0.011924366620830185,0.08449852898546606,0.10300185650051752,-0.00041118505590409526,-0.04851983659505121,0.08449852898546606,0.10300185650051752,-0.04851983659505121,0.0,-6.125483199524242,-1.100208147487359,-2.914064823074639,8.920606601248885,10.585786500148666,-6.928337793636636,True
2842,CE,E_Full_V9,-0.11237663223462313,-0.09553040948647729,-0.2005111390511849,-0.18756830937881608,-0.1902390520096331,-0.11237663223462313,-0.2005111390511849,-0.09553040948647729,-0.20749615823945078,0.0,0.0,-16.82611142374788,-15.588069780528976,-14.012380416432176,18.064153066966814,-22.62239729881823,True
2901,PE,E_Full_V9,0.14677052864416895,0.10623192653991254,0.26797055442255857,0.31058805919883525,0.2039403521245431,-0.14677052864416895,-0.26797055442255857,0.31058805919883525,0.08544289981977649,0.0,22.389937106918236,7.924528301886789,-1.9496855345911914,32.578616352201266,54.339622641509436,-36.16352201257861,True
2915,PE,E_Full_V9,0.015638618630386958,-0.27940998619631063,0.08424002568903077,0.020851491507190012,0.2320771004749922,-0.015638618630386958,-0.08424002568903077,0.26043512892476306,-0.28274622483748235,0.0,-2.7913468248429862,-29.79762735519889,-49.54640614096302,29.099790648988126,170.7606420097697,-67.20167480809491,True
3092,CE,E_Full_V9,0.04955258742640467,0.08327302036386097,0.0795719972365827,0.3203441129058904,0.36948547554036537,0.04955258742640467,0.0795719972365827,0.36948547554036537,0.04441227752740584,0.0,0.0,1.4369501466275592,-0.5571847507331312,1.7008797653958976,3.3724340175953076,-5.923753665689146,True
3119,CE,E_Full_V9,-0.0693560728504572,-0.07917640174964768,-0.15098755682491083,-0.006137705561992668,-0.043577709490116856,-0.0693560728504572,-0.15098755682491083,-0.006137705561992668,-0.19231477427564814,0.0,-2.9988465974625185,-5.151864667435614,-7.3048827374086995,-10.495963091118805,2.1145713187235677,-14.686658977316421,True
3296,CE,E_Full_V9,0.11460657805375529,0.3674687105850394,0.31370266162156213,-0.8671291355389577,0.0574043530286783,0.11460657805375529,0.31370266162156213,0.44063904789624075,-0.8671291355389577,0.0,23.57142857142858,84.61038961038962,88.31168831168831,22.662337662337666,103.96103896103897,-31.753246753246756,True
3738,CE,E_Full_V9,0.1439009313024986,0.27462783368294996,0.2685475126420034,0.31050172782456364,0.36258981140870894,0.1439009313024986,0.2685475126420034,0.362995166144775,0.1439009313024986,0.0,9.863013698630137,21.095890410958905,13.94520547945205,15.726027397260268,27.999999999999996,-5.7260273972602675,True
3861,PE,E_Full_V9,0.014719020040365738,0.14310158372566884,0.2614670365501892,0.22691822562213027,0.3839211060525871,-0.014719020040365738,-0.2614670365501892,0.3839211060525871,0.014719020040365738,0.0,1.9698326331014628,15.917074178662451,13.91969143880433,24.319856739444866,32.79151456711896,-6.5018251945726275,True
3873,PE,E_Full_V9,-0.06094995741712239,-0.39319905188954785,-0.14036959890002532,-0.1141016037842224,0.03427152487762708,0.06094995741712239,0.14036959890002532,0.03427152487762708,-0.39319905188954785,0.0,0.0,-4.844290657439445,-24.590040619828493,-27.373251090717616,1.5495712351436757,-28.990522040018046,True
3884,PE,E_Full_V9,0.060318580584795,0.14525698997972514,0.05662560626328306,-0.013951236325748795,0.1407433546978698,-0.060318580584795,-0.05662560626328306,0.14525698997972514,-0.013951236325748795,0.0,0.0,4.590731918579468,-2.2520571676050314,10.134257254222609,10.697271546123858,-12.343005630142919,True
3895,PE,E_Full_V9,0.022594877946580105,0.07209820144771228,0.05237903523979126,0.1172879573408725,-0.05504933899711517,-0.022594877946580105,-0.05237903523979126,0.1172879573408725,-0.05504933899711517,0.0,0.0,3.3393501805054173,-1.4440433212996338,13.222021660649824,17.32851985559567,-12.86101083032491,True
3904,PE,E_Full_V9,-0.07423935508414914,-0.17253966458619097,-0.04668236455429575,0.002879088562823817,-0.14662786752079882,0.07423935508414914,0.04668236455429575,0.04915015475100981,-0.17253966458619097,0.0,0.0,-7.204905467552374,-16.402657128257538,-18.405723045477764,4.598875830352581,-23.04547777210015,True
3931,PE,E_Full_V9,0.08289924648295921,0.14414570470546728,0.10599555396081373,-0.028664167316261313,0.09754065568766679,-0.08289924648295921,-0.10599555396081373,0.14414570470546728,-0.028664167316261313,0.0,0.0,14.50335161486899,8.043875685557596,18.220597196831203,22.912858013406456,-12.309567336989634,True
3942,PE,E_Full_V9,0.02393879922156783,-0.010731185857948411,0.08316669039910574,0.11536024797293987,0.2829318425239702,-0.02393879922156783,-0.08316669039910574,0.2829318425239702,-0.03219355757384523,0.0,0.0,6.45724258289703,0.17452006980801799,2.6178010471204187,9.133216986620122,-7.03897614892379,True
3949,PE,E_Full_V9,-0.01818072884061106,0.1442062355768048,0.13821485902704156,-0.11631534474172422,-0.11652194393312332,0.01818072884061106,-0.13821485902704156,0.17168392802909827,-0.11652194393312332,0.0,0.0,-4.005621925509498,1.4054813773717498,36.68306394940266,53.19747013352072,-9.27617709065356,True
4005,PE,E_Full_V9,-0.019003545936380206,0.018168225235881685,-0.03821592204786839,-0.0603519206111125,-0.1438839906610978,0.019003545936380206,0.03821592204786839,0.019630036461748546,-0.18878247831297656,0.0,-1.6666666666666632,8.205128205128212,25.64102564102564,-9.999999999999996,26.7948717948718,-23.333333333333336,True
4028,PE,E_Full_V9,0.03088190800113466,0.01544095400056733,-0.015858277081659544,0.04527955429893815,0.05279136975868681,-0.03088190800113466,0.015858277081659544,0.08075201619213157,-0.040689000406879394,0.0,2.6717557251908373,-12.977099236641216,-21.75572519083969,-25.190839694656482,9.92366412213741,-34.73282442748091,True
4115,PE,E_Full_V9,0.07968077100631854,-0.011382967286599488,0.1338552634629897,0.046796643289437334,0.11509444700913418,-0.07968077100631854,-0.1338552634629897,0.16505302565594793,-0.011382967286599488,,,,,,,,False
4126,PE,E_Full_V9,-0.050041173117110205,0.10029349042460778,0.3777369565676425,0.35197736534278157,-0.42503325520999446,0.050041173117110205,-0.3777369565676425,0.596271193598108,-0.42503325520999446,,,,,,,,False
4133,PE,E_Full_V9,-0.14783787113465952,-0.39104816200992154,-0.8683350821817148,-0.8770439222916648,-0.80652355847457,0.14783787113465952,0.8683350821817148,-0.14783787113465952,-1.0274307222389867,,,,,,,,False
4512,PE,E_Full_V9,0.038845668071196826,0.03268979717466758,0.16217535741198663,0.14328320190195587,0.1398868593383562,-0.038845668071196826,-0.16217535741198663,0.3598000403315704,-0.11016886190684527,0.0,7.491582491582497,-1.346801346801342,-12.331649831649823,20.03367003367003,24.57912457912458,-15.909090909090903,True
